variable_name,units,value,data_reference
AA_arterial_chemoreceptor,dimensionless,600,Magosso2001AndUrsino2000
A_0_inlet,m3_per_s,0.000118,Alfred_database
A_1_inlet,m3_per_s,1.73e-4,user_defined
A_2_inlet,m3_per_s,9.06e-5,user_defined
A_3_inlet,m3_per_s,5.13e-5,user_defined
A_4_inlet,m3_per_s,9.16e-6,user_defined
A_5_inlet,m3_per_s,9.50e-6,user_defined
A_6_inlet,m3_per_s,1.42e-5,user_defined
A_7_inlet,m3_per_s,7.33e-7,user_defined
A_8_inlet,m3_per_s,5.00e-6,user_defined
A_aov,m2,0.0002,to_be_set
A_b_lc,dimensionless,20.9,Magosso2001AndUrsino2000
A_nn_aov,m2,0.00068,Mynard_2012
A_nn_miv,m2,0.00077,Mynard_2012
A_nn_puv,m2,0.00071,Mynard_2012
A_nn_trv,m2,0.0008,Mynard_2012
BB_arterial_chemoreceptor,dimensionless,10.18,Magosso2001AndUrsino2000
B_b_lc,dimensionless,92.8,Magosso2001AndUrsino2000
C_A_lung,J_per_m6,2.0408e-6,YasuhiroFukui1972
C_CO2_a_nom_arterial_chemoreceptor,dimensionless,0.36,Magosso2001AndUrsino2000
C_CO2_sat,dimensionless,1.9564,Spencer1979
C_L_connector_A,m6_per_J,1e-11,to_be_identified
C_L_connector_V,m6_per_J,1e-11,to_be_identified
C_O2_sat,dimensionless,0.20448,Spencer1979
C_O2_vb_nom,dimensionless,0.14,Magosso2001AndUrsino2000
C_O2_vm_nom,dimensionless,0.155,Magosso2001AndUrsino2000
C_PV_heart_connector,m6_per_J,1e-9,small_chosen
C_T_LLL,m6_per_J,2.8466e-10,24_05_2024_identified
C_T_LUL,m6_per_J,1.5591e-10,24_05_2024_identified
C_T_RLL,m6_per_J,6.1233e-10,24_05_2024_identified
C_T_RML,m6_per_J,1.0000e-11,24_05_2024_identified
C_T_RUL,m6_per_J,1.0000e-09,24_05_2024_identified
C_T_anterior_cerebral_L_T,m6_per_J,10e-12,to_be_identified
C_T_anterior_cerebral_R_T,m6_per_J,10e-12,to_be_identified
C_T_arm_L_T,m6_per_J,100e-12,to_be_identified
C_T_arm_R_T,m6_per_J,100e-12,to_be_identified
C_T_external_carotid_L_T,m6_per_J,60.105e-12,to_be_identified
C_T_external_carotid_R_T,m6_per_J,60.317e-12,to_be_identified
C_T_leg_L_T,m6_per_J,400e-12,to_be_identified
C_T_leg_R_T,m6_per_J,400e-12,to_be_identified
C_T_middle_cerebral_L_T,m6_per_J,10e-12,to_be_identified
C_T_middle_cerebral_R_T,m6_per_J,10e-12,to_be_identified
C_T_posterior_cerebral_L_T,m6_per_J,10e-12,to_be_identified
C_T_posterior_cerebral_R_T,m6_per_J,10e-12,to_be_identified
C_T_trunk_C_T,m6_per_J,4e-9,to_be_identified
C_b_lc,dimensionless,10570,Magosso2001AndUrsino2000
C_b_lung,J_per_m6,1.3367e-6,YasuhiroFukui1972
C_inlet_connector,m6_per_J,1e-9,small_chosen
C_l_lung,m6_per_J,1.2959e-8,YasuhiroFukui1972
C_par,m6_per_J,0.0309077e-8,to_be_identified
C_pcap,m6_per_J,1.0e-12,small_chosen
C_pl_lung,J_per_m6,2.5e-6,user_defined_to_be_identified
C_pvn,m6_per_J,0.60015e-8,to_be_identified
C_t_lung,J_per_m6,2.4286e-8,YasuhiroFukui1972
C_venous_ivc,m6_per_J,1.0e-6,to_be_identified
C_venous_lb,m6_per_J,1.0e-6,to_be_identified
C_venous_svc,m6_per_J,1.0e-6,to_be_identified
C_venous_ub,m6_per_J,1.0e-6,to_be_identified
D_b_lc,dimensionless,-5.2551,Magosso2001AndUrsino2000
Delta_E_lv_A_heart,second,0.0,zero_chosen
Delta_E_rv_A_heart,second,0.0,zero_chosen
Delta_R_anterior_cerebral_L_T,Js_per_m6,0.0,user_defined
Delta_R_anterior_cerebral_R_T,Js_per_m6,0.0,user_defined
Delta_R_arm_L_T,Js_per_m6,0.0,zero_chosen
Delta_R_arm_R_T,Js_per_m6,0.0,zero_chosen
Delta_R_external_carotid_L_T,Js_per_m6,0.0,user_defined
Delta_R_external_carotid_R_T,Js_per_m6,0.0,user_defined
Delta_R_leg_L_T,Js_per_m6,0.0,zero_chosen
Delta_R_leg_R_T,Js_per_m6,0.0,zero_chosen
Delta_R_middle_cerebral_L_T,Js_per_m6,0.0,user_defined
Delta_R_middle_cerebral_R_T,Js_per_m6,0.0,user_defined
Delta_R_posterior_cerebral_L_T,Js_per_m6,0.0,user_defined
Delta_R_posterior_cerebral_R_T,Js_per_m6,0.0,user_defined
Delta_R_trunk_C_T,Js_per_m6,0.0,zero_chosen
Delta_T_heart,second,0.0,zero_chosen
Delta_q_us_pvn,m3,0.0,user_defined
E_abdominal_aorta_C114,J_per_m3,0.4e+6,ADAN_86
E_abdominal_aorta_C136,J_per_m3,0.4e+6,ADAN_86
E_abdominal_aorta_C164,J_per_m3,0.4e+6,ADAN_86
E_abdominal_aorta_C176,J_per_m3,0.4e+6,ADAN_86
E_abdominal_aorta_C188,J_per_m3,0.4e+6,ADAN_86
E_abdominal_aorta_C192,J_per_m3,0.4e+6,ADAN_86
E_anterior_cerebral_L110,J_per_m3,1.6e+6,ADAN_218
E_anterior_cerebral_L42,J_per_m3,1.6e+6,ADAN_218
E_anterior_cerebral_R238,J_per_m3,1.6e+6,ADAN_218
E_anterior_cerebral_R46,J_per_m3,1.6e+6,ADAN_218
E_anterior_communicating_C44,J_per_m3,1.6e+6,ADAN_218
E_aortic_arch_C2,J_per_m3,0.4e+6,ADAN_86
E_aortic_arch_C46,J_per_m3,0.4e+6,ADAN_86
E_aortic_arch_C64,J_per_m3,0.4e+6,ADAN_86
E_aortic_arch_C94,J_per_m3,0.4e+6,ADAN_86
E_ascending_aorta_A,J_per_m3,0.4e+6,ADAN_86
E_ascending_aorta_B,J_per_m3,0.4e+6,ADAN_86
E_ascending_aorta_C,J_per_m3,0.4e+6,ADAN_86
E_ascending_aorta_D,J_per_m3,0.4e+6,ADAN_86
E_basilar_C4,J_per_m3,1.6e+6,ADAN_218
E_brachial_L82,J_per_m3,0.4e+6,ADAN_86
E_brachial_R34,J_per_m3,0.4e+6,ADAN_86
E_brachiocephalic_trunk_C4,J_per_m3,0.4e+6,ADAN_86
E_common_carotid_L48_A,J_per_m3,0.4e+6,ADAN_86
E_common_carotid_L48_B,J_per_m3,0.4e+6,ADAN_86
E_common_carotid_L48_C,J_per_m3,0.4e+6,ADAN_86
E_common_carotid_L48_D,J_per_m3,0.4e+6,ADAN_86
E_common_carotid_R6_A,J_per_m3,0.4e+6,ADAN_86
E_common_carotid_R6_B,J_per_m3,0.4e+6,ADAN_86
E_common_carotid_R6_C,J_per_m3,0.4e+6,ADAN_86
E_common_iliac_L194,J_per_m3,0.4e+6,ADAN_86
E_common_iliac_R216,J_per_m3,0.4e+6,ADAN_86
E_external_carotid_L62,J_per_m3,0.8e+6,ADAN_86
E_external_carotid_R26,J_per_m3,0.8e+6,ADAN_86
E_external_iliac_L198,J_per_m3,0.8e+6,ADAN_86
E_external_iliac_R220,J_per_m3,0.8e+6,ADAN_86
E_femoral_L200,J_per_m3,0.8e+6,ADAN_86
E_femoral_R222,J_per_m3,0.8e+6,ADAN_86
E_internal_carotid_L112,J_per_m3,1.6e+6,ADAN_218
E_internal_carotid_L50_A,J_per_m3,0.8e+6,ADAN_86
E_internal_carotid_L50_B,J_per_m3,0.8e+6,ADAN_86
E_internal_carotid_L50_C,J_per_m3,1.6e+6,ADAN_86
E_internal_carotid_R48,J_per_m3,1.6e+6,ADAN_218
E_internal_carotid_R8_A,J_per_m3,0.8e+6,ADAN_86
E_internal_carotid_R8_B,J_per_m3,0.8e+6,ADAN_86
E_internal_carotid_R8_C,J_per_m3,1.6e+6,ADAN_86
E_la_A,J_per_m6,9.331e+6,Liang_2009_Table_2
E_la_B,J_per_m6,3.33e+6,user_calculated
E_lv_A,J_per_m6,3.5e08,to_be_identified
E_lv_B,J_per_m6,10.664e+6,Liang_2009_Table_2
E_middle_cerebral_L114,J_per_m3,1.6e+6,ADAN_218
E_middle_cerebral_R52,J_per_m3,1.6e+6,ADAN_218
E_posterior_cerebral_post_L12,J_per_m3,1.6e+6,ADAN_218
E_posterior_cerebral_post_R208,J_per_m3,1.6e+6,ADAN_218
E_posterior_cerebral_pre_L6,J_per_m3,1.6e+6,ADAN_218
E_posterior_cerebral_pre_R204,J_per_m3,1.6e+6,ADAN_218
E_posterior_communicating_L8,J_per_m3,1.6e+6,ADAN_218
E_posterior_communicating_R206,J_per_m3,1.6e+6,ADAN_218
E_ra_A,J_per_m6,7.998e+6,Liang_2009_Table_2
E_ra_B,J_per_m6,9.331e+6,Liang_2009_Table_2
E_rv_A,J_per_m6,1.1e8,user_calculated
E_rv_B,J_per_m6,6.665e+6,Liang_2009_Table_2
E_subclavian_L66,J_per_m3,0.4e+6,ADAN_86
E_subclavian_L78,J_per_m3,0.4e+6,ADAN_86
E_subclavian_R28,J_per_m3,0.4e+6,ADAN_86
E_subclavian_R30,J_per_m3,0.4e+6,ADAN_86
E_thoracic_aorta_C100,J_per_m3,0.4e+6,ADAN_86
E_thoracic_aorta_C104,J_per_m3,0.4e+6,ADAN_86
E_thoracic_aorta_C108,J_per_m3,0.4e+6,ADAN_86
E_thoracic_aorta_C112,J_per_m3,0.4e+6,ADAN_86
E_thoracic_aorta_C96,J_per_m3,0.4e+6,ADAN_86
E_vertebral_L2,J_per_m3,0.8e+6,ADAN_86
E_vertebral_R272,J_per_m3,0.8e+6,ADAN_86
F_CO2_i_respiratory_gt,dimensionless,0.000421,WestPulmonaryPhysiology2008
F_O2_i_respiratory_gt,dimensionless,0.210379,WestPulmonaryPhysiology2008
G_Ts_heart_period_effector,second,-0.13,Magosso2001AndUrsino2000
G_Tv_heart_period_effector,second,0.09,Magosso2001AndUrsino2000
G_theta_arm_leg_resistance_effector,Js_per_m6,329e6,Magosso2001AndUrsino2000
G_theta_lv_elastance_effector,J_per_m6,63.33e6,Magosso2001AndUrsino2000
G_theta_rv_elastance_effector,J_per_m6,37.6e6,Magosso2001AndUrsino2000
G_theta_trunk_resistance_effector,Js_per_m6,92.6574e6,Magosso2001AndUrsino2000
G_theta_venous_compliance_effector,m3,-200e-6,Magosso2001AndUrsino2000_APPROX_TODO
Hgb,kg_per_m3,0.15e3,West2008
IE_ratio_lung,dimensionless,0.6,Bizotto2022
I_L_connector_A,Js2_per_m6,1e-6,small_chosen
I_L_connector_V,Js2_per_m6,1e-6,small_chosen
I_PV_heart_connector,Js2_per_m6,1e-6,small_chosen
I_T_1_LLL,Js2_per_m6,4.3630e+06,24_05_2024_identified
I_T_1_LUL,Js2_per_m6,4.2227e+06,24_05_2024_identified
I_T_1_RLL,Js2_per_m6,1.9575e+07,24_05_2024_identified
I_T_1_RML,Js2_per_m6,1.9946e+07,24_05_2024_identified
I_T_1_RUL,Js2_per_m6,8.9508e+05,24_05_2024_identified
I_T_2_LLL,Js2_per_m6,2.4208e+08,24_05_2024_identified
I_T_2_LUL,Js2_per_m6,2.8797e+08,24_05_2024_identified
I_T_2_RLL,Js2_per_m6,2.5694e+08,24_05_2024_identified
I_T_2_RML,Js2_per_m6,9.9578e+07,24_05_2024_identified
I_T_2_RUL,Js2_per_m6,3.3759e+08,24_05_2024_identified
I_T_LLL,Js2_per_m6,1e-6,to_be_identified
I_T_LUL,Js2_per_m6,1e-6,to_be_identified
I_T_RLL,Js2_per_m6,1e-6,to_be_identified
I_T_RML,Js2_per_m6,1e-6,to_be_identified
I_T_RUL,Js2_per_m6,1e-6,to_be_identified
I_T_anterior_cerebral_L_T,Js2_per_m6,1e-6,defined_by_user
I_T_anterior_cerebral_R_T,Js2_per_m6,1e-6,defined_by_user
I_T_arm_L_T,Js2_per_m6,1e-6,defined_by_user
I_T_arm_R_T,Js2_per_m6,1e-6,defined_by_user
I_T_external_carotid_L_T,Js2_per_m6,1e-6,defined_by_user
I_T_external_carotid_R_T,Js2_per_m6,1e-6,defined_by_user
I_T_leg_L_T,Js2_per_m6,1e-6,defined_by_user
I_T_leg_R_T,Js2_per_m6,1e-6,defined_by_user
I_T_middle_cerebral_L_T,Js2_per_m6,1e-6,defined_by_user
I_T_middle_cerebral_R_T,Js2_per_m6,1e-6,defined_by_user
I_T_posterior_cerebral_L_T,Js2_per_m6,1e-6,defined_by_user
I_T_posterior_cerebral_R_T,Js2_per_m6,1e-6,defined_by_user
I_T_trunk_C_T,Js2_per_m6,1e-6,defined_by_user
I_inlet_connector,Js2_per_m6,1e-6,small_chosen
I_par,Js2_per_m6,1.0e-6,Blanco_2013_Table_8
I_pcap,Js2_per_m6,1.0e-6,small_chosen
I_pvn,Js2_per_m6,1.0e-6,Blanco_2013_Table_8
I_scale_LBS_A,dimensionless,1.0,user_defined
I_scale_LBS_V,dimensionless,1.0,user_defined
I_scale_LLL_A,dimensionless,1.0,user_defined
I_scale_LLL_V,dimensionless,1.0,user_defined
I_scale_LM_A,dimensionless,1.0,user_defined
I_scale_LM_V,dimensionless,1.0,user_defined
I_scale_LPA_A,dimensionless,1.0,user_defined
I_scale_LPV_V,dimensionless,1.0,user_defined
I_scale_LUL_A,dimensionless,1.0,user_defined
I_scale_LUL_V,dimensionless,1.0,user_defined
I_scale_MPA_A,dimensionless,1.0,user_defined
I_scale_RBS_A,dimensionless,1.0,user_defined
I_scale_RBS_V,dimensionless,1.0,user_defined
I_scale_RLL_A,dimensionless,1.0,user_defined
I_scale_RLL_V,dimensionless,1.0,user_defined
I_scale_RML_A,dimensionless,1.0,user_defined
I_scale_RML_V,dimensionless,1.0,user_defined
I_scale_RPA_A,dimensionless,1.0,user_defined
I_scale_RPV_V,dimensionless,1.0,user_defined
I_scale_RUL_A,dimensionless,1.0,user_defined
I_scale_RUL_V,dimensionless,1.0,user_defined
I_venous_ivc,Js2_per_m6,0.1e-6,small_chosen
I_venous_lb,Js2_per_m6,0.1e-6,small_chosen
I_venous_svc,Js2_per_m6,0.1e-6,small_chosen
I_venous_ub,Js2_per_m6,0.1e-6,small_chosen
K_CO2_arterial_chemoreceptor,per_s,1,Magosso2001AndUrsino2000
K_LOSSES_respiratory_gt,dimensionless,1.2103,WestPulmonaryPhysiology2008
K_O2_arterial_chemoreceptor,dimensionless,200,Magosso2001AndUrsino2000
K_dyn_arterial_chemoreceptor,per_s,45,Magosso2001AndUrsino2000
K_stat_arterial_chemoreceptor,per_s,20,Magosso2001AndUrsino2000
K_tube_LBS_A,J_per_m3,4.7e3,Ebrahimi2021
K_tube_LBS_V,J_per_m3,4.71e3,user_defined
K_tube_LLL_A,J_per_m3,4.7e3,Ebrahimi2021
K_tube_LLL_V,J_per_m3,4.71e3,user_defined
K_tube_LM_A,J_per_m3,4.7e3,Ebrahimi2021
K_tube_LM_V,J_per_m3,4.71e3,user_defined
K_tube_LPA_A,J_per_m3,4.7e3,Ebrahimi2021
K_tube_LPV_V,J_per_m3,4.71e3,user_defined
K_tube_LUL_A,J_per_m3,4.7e3,Ebrahimi2021
K_tube_LUL_V,J_per_m3,4.71e3,user_defined
K_tube_MPA_A,J_per_m3,4.7e3,Ebrahimi2021
K_tube_RBS_A,J_per_m3,4.7e3,Ebrahimi2021
K_tube_RBS_V,J_per_m3,4.71e3,user_defined
K_tube_RLL_A,J_per_m3,4.7e3,Ebrahimi2021
K_tube_RLL_V,J_per_m3,4.71e3,user_defined
K_tube_RML_A,J_per_m3,4.7e3,Ebrahimi2021
K_tube_RML_V,J_per_m3,4.71e3,user_defined
K_tube_RPA_A,J_per_m3,4.7e3,Ebrahimi2021
K_tube_RPV_V,J_per_m3,4.71e3,user_defined
K_tube_RUL_A,J_per_m3,4.7e3,Ebrahimi2021
K_tube_RUL_V,J_per_m3,4.71e3,user_defined
K_vc_aov,m3_per_Js,0.12,Mynard_2012
K_vc_miv,m3_per_Js,0.4,Mynard_2012
K_vc_puv,m3_per_Js,0.2,Mynard_2012
K_vc_trv,m3_per_Js,0.4,Mynard_2012
K_vo_aov,m3_per_Js,0.12,Mynard_2012
K_vo_miv,m3_per_Js,0.3,Mynard_2012
K_vo_puv,m3_per_Js,0.2,Mynard_2012
K_vo_trv,m3_per_Js,0.3,Mynard_2012
M_CO2_anterior_cerebral_L_GE,m3_per_s,1.368e-07,Alfred_ADAN_Ursino_calculated
M_CO2_anterior_cerebral_R_GE,m3_per_s,1.368e-07,Alfred_ADAN_Ursino_calculated
M_CO2_arm_L_GE,m3_per_s,1.025e-07,Alfred_ADAN_Ursino_calculated
M_CO2_arm_R_GE,m3_per_s,1.025e-07,Alfred_ADAN_Ursino_calculated
M_CO2_external_carotid_L_GE,m3_per_s,2.421e-07,Alfred_ADAN_Ursino_calculated
M_CO2_external_carotid_R_GE,m3_per_s,2.421e-07,Alfred_ADAN_Ursino_calculated
M_CO2_leg_L_GE,m3_per_s,4.827e-07,Alfred_ADAN_Ursino_calculated
M_CO2_leg_R_GE,m3_per_s,4.827e-07,Alfred_ADAN_Ursino_calculated
M_CO2_middle_cerebral_L_GE,m3_per_s,2.168e-07,Alfred_ADAN_Ursino_calculated
M_CO2_middle_cerebral_R_GE,m3_per_s,2.168e-07,Alfred_ADAN_Ursino_calculated
M_CO2_posterior_cerebral_L_GE,m3_per_s,4.98e-08,Alfred_ADAN_Ursino_calculated
M_CO2_posterior_cerebral_R_GE,m3_per_s,4.98e-08,Alfred_ADAN_Ursino_calculated
M_CO2_trunk_C_GE,m3_per_s,2.4679e-06,Alfred_ADAN_Ursino_calculated
M_O2_anterior_cerebral_L_GE,m3_per_s,-1.824e-07,Alfred_ADAN_Ursino_calculated
M_O2_anterior_cerebral_R_GE,m3_per_s,-1.824e-07,Alfred_ADAN_Ursino_calculated
M_O2_arm_L_GE,m3_per_s,-1.366e-07,Alfred_ADAN_Ursino_calculated
M_O2_arm_R_GE,m3_per_s,-1.366e-07,Alfred_ADAN_Ursino_calculated
M_O2_external_carotid_L_GE,m3_per_s,-3.228e-07,Alfred_ADAN_Ursino_calculated
M_O2_external_carotid_R_GE,m3_per_s,-3.228e-07,Alfred_ADAN_Ursino_calculated
M_O2_leg_L_GE,m3_per_s,-6.435e-07,Alfred_ADAN_Ursino_calculated
M_O2_leg_R_GE,m3_per_s,-6.435e-07,Alfred_ADAN_Ursino_calculated
M_O2_middle_cerebral_L_GE,m3_per_s,-2.89e-07,Alfred_ADAN_Ursino_calculated
M_O2_middle_cerebral_R_GE,m3_per_s,-2.89e-07,Alfred_ADAN_Ursino_calculated
M_O2_posterior_cerebral_L_GE,m3_per_s,-6.64e-08,Alfred_ADAN_Ursino_calculated
M_O2_posterior_cerebral_R_GE,m3_per_s,-6.64e-08,Alfred_ADAN_Ursino_calculated
M_O2_trunk_C_GE,m3_per_s,-3.2905e-06,Alfred_ADAN_Ursino_calculated
M_rg_aov,dimensionless,0,Mynard_2012
M_rg_miv,dimensionless,0,Mynard_2012
M_rg_puv,dimensionless,0,Mynard_2012
M_rg_trv,dimensionless,0,Mynard_2012
M_st_aov,dimensionless,1,Mynard_2012
M_st_miv,dimensionless,1,Mynard_2012
M_st_puv,dimensionless,1,Mynard_2012
M_st_trv,dimensionless,1,Mynard_2012
P_CO2_a_nom,J_per_m3,5332.8,Magosso2001AndUrsino2000
P_atm,J_per_m3,101300,known
P_baro_init_common_carotid_L_baro,J_per_m3,16000,userEstimatedFromAlfredMinMax
P_m,J_per_m3,0.0,known
P_mus_min_lung,J_per_m3,-490,Albanese2016
P_nom_common_carotid_L_baro,J_per_m3,16000,userEstimatedFromAlfredMinMax
P_outlet_L,J_per_m3,1066.4,user_defined
P_outlet_R,J_per_m3,1066.4,user_defined
P_plEE_lung,J_per_m3,-490,WestPulmonaryPhysiology2008
P_ws,J_per_m3,6266.15,WestPulmonaryPhysiology2008
R_1_T_LLL,Js_per_m6,2.2926e+08,26_04_2023_identified
R_1_T_LUL,Js_per_m6,5.4902e+09,26_04_2023_identified
R_1_T_RLL,Js_per_m6,5.1501e+08,26_04_2023_identified
R_1_T_RML,Js_per_m6,1.0000e+08,26_04_2023_identified
R_1_T_RUL,Js_per_m6,6.2825e+06,26_04_2023_identified
R_2_T_LLL,Js_per_m6,1.0000e+06,26_04_2023_identified
R_2_T_LUL,Js_per_m6,7.7500e+08,26_04_2023_identified
R_2_T_RLL,Js_per_m6,6.5078e+09,26_04_2023_identified
R_2_T_RML,Js_per_m6,1.0000e+07,26_04_2023_identified
R_2_T_RUL,Js_per_m6,5.0000e+05,26_04_2023_identified
R_L_connector_A,Js_per_m6,10000,user_defined
R_L_connector_V,Js_per_m6,10000,user_defined
R_PV_heart_connector,Js_per_m6,1e3,small_chosen
R_T_LBS,Js_per_m6,44987021.95453437,Alfred_database
R_T_LLL,Js_per_m6,7.3123e+07,24_05_2024_identified
R_T_LUL,Js_per_m6,1.2283e+08,24_05_2024_identified
R_T_RLL,Js_per_m6,1.0915e+08,24_05_2024_identified
R_T_RML,Js_per_m6,2.3145e+08,24_05_2024_identified
R_T_RUL,Js_per_m6,1.2841e+08,24_05_2024_identified
R_T_anterior_cerebral_L_T,Js_per_m6,5058076991.994538,Alfred_ADAN_calculated
R_T_anterior_cerebral_R_T,Js_per_m6,5058076991.994538,Alfred_ADAN_calculated
R_T_arm_L_T,Js_per_m6,5064611975.18833,Alfred_ADAN_calculated
R_T_arm_R_T,Js_per_m6,5064611975.18833,Alfred_ADAN_calculated
R_T_external_carotid_L_T,Js_per_m6,2858608378.032354,Alfred_ADAN_calculated
R_T_external_carotid_R_T,Js_per_m6,2858608378.032354,Alfred_ADAN_calculated
R_T_leg_L_T,Js_per_m6,1075300965.2436612,Alfred_ADAN_calculated
R_T_leg_R_T,Js_per_m6,1075300965.2436612,Alfred_ADAN_calculated
R_T_middle_cerebral_L_T,Js_per_m6,3192190284.035641,Alfred_ADAN_calculated
R_T_middle_cerebral_R_T,Js_per_m6,3192190284.035641,Alfred_ADAN_calculated
R_T_posterior_cerebral_L_T,Js_per_m6,13900743506.367966,Alfred_ADAN_calculated
R_T_posterior_cerebral_R_T,Js_per_m6,13900743506.367966,Alfred_ADAN_calculated
R_T_trunk_C_T,Js_per_m6,210300947.89676863,Alfred_ADAN_calculated
R_bA_lung,Js_per_m6,8006,Rideout1991
R_flag,dimensionless,1,user_defined
R_inlet_connector,Js_per_m6,1e4,user_defined
R_local_multiplier_trunk_C_T,dimensionless,1.0,assumed_for_no_local_control
R_lt_lung,Js_per_m6,33016,Rideout1991
R_ml_lung,Js_per_m6,100058,Rideout1991
R_par,Js_per_m6,10.664e+6,Blanco_2013_Table_8
R_pcap,Js_per_m6,1.0e-12,small_chosen
R_plwall_lung,Js_per_m6,1e4,Rideout1991
R_pvn,Js_per_m6,1.333e+6,Blanco_2013_Table_8
R_tb_lung,Js_per_m6,30017,Rideout1991
R_venous_ivc,Js_per_m6,0.1e-6,small_chosen
R_venous_lb,Js_per_m6,0.1e-6,small_chosen
R_venous_svc,Js_per_m6,0.1e-6,small_chosen
R_venous_ub,Js_per_m6,0.1e-6,small_chosen
SV_lv,m3,9.023e-05,Alfred_database
T,second,0.6611111111,Alfred_database
T_ac,second,0.075,Alfred_database
T_ar,second,0.075,Alfred_database
T_resp_lung,second,5.0,WestPulmonaryPhysiology2008
T_vc,second,0.2666666667,Alfred_database
T_vr,second,0.1322222222,Alfred_database
W_bs_sympathetic_efferent,dimensionless,-1.1375,Magosso2001AndUrsino2000
W_cs_sympathetic_efferent,dimensionless,1.56,Magosso2001AndUrsino2000
W_cv,dimensionless,0.208,Magosso2001AndUrsino2000
a_vessel,dimensionless,0.2802,TODO_reference
alpha_1,m3_per_J,2.3987e-4,Spencer1979
alpha_2,m3_per_J,4.1937e-4,Spencer1979
b_vessel,per_m,-505.3,TODO_reference
beta_1,m3_per_J,6.2069e-5,Spencer1979
beta_2,m3_per_J,2.4415e-5,Spencer1979
beta_g,dimensionless,0.0,user_defined
c_vessel,dimensionless,0.1324,TODO_reference
d_vessel,per_m,-11.14,TODO_reference
f_ab_0,per_s,25,Magosso2001AndUrsino2000
f_ab_max_common_carotid_L_baro,per_s,47.78,Magosso2001AndUrsino2000
f_ab_min_common_carotid_L_baro,per_s,2.52,Magosso2001AndUrsino2000
f_es_0,per_s,16.11,Magosso2001AndUrsino2000
f_es_inf,per_s,2.1,Magosso2001AndUrsino2000
f_es_max,per_s,60,Magosso2001AndUrsino2000
f_es_min,per_s,2.66,Magosso2001AndUrsino2000
f_ev_0,per_s,3.2,Magosso2001AndUrsino2000
f_ev_inf,per_s,6.3,Magosso2001AndUrsino2000
frac_R_T_1_of_R_T_LLL,dimensionless,4.6214e-01,24_05_2024_identified
frac_R_T_1_of_R_T_LUL,dimensionless,3.0522e-01,24_05_2024_identified
frac_R_T_1_of_R_T_RLL,dimensionless,5.0537e-01,24_05_2024_identified
frac_R_T_1_of_R_T_RML,dimensionless,7.2243e-02,24_05_2024_identified
frac_R_T_1_of_R_T_RUL,dimensionless,2.9073e-01,24_05_2024_identified
g,m_per_s2,9.81,known
g_O2_b,dimensionless,10,Magosso2001AndUrsino2000
g_O2_m,dimensionless,30,Magosso2001AndUrsino2000
h_1,dimensionless,0.3836,Spencer1979
h_2,dimensionless,1.819,Spencer1979
k_1,J_per_m3,1998.5,Spencer1979
k_2,J_per_m3,25917.4,Spencer1979
k_CO2_m,J_per_m3,19038,Magosso2001AndUrsino2000
k_CO2_pulmonary_GE,m6_per_Js,8.2e-9,Bizzotto2022
k_O2_pulmonary_GE,m6_per_Js,2.850285e-10,Bizzotto2022
k_ab_common_carotid_L_baro,J_per_m3,1567,Magosso2001AndUrsino2000
k_es,per_s,0.0675,Magosso2001AndUrsino2000
k_ev,per_s,7.06,Magosso2001AndUrsino2000
l_LBS_A,metre,0.028056987421676963,Alfred_database
l_LBS_V,metre,0.028056987421676963,Alfred_database
l_LLL_A,metre,0.013330095797480221,Alfred_database
l_LLL_V,metre,0.013330095797480221,Alfred_database
l_LM_A,metre,0.003,user_defined
l_LM_V,metre,0.003,user_defined
l_LPA_A,metre,0.030676918202869444,Alfred_database
l_LPV_V,metre,40.0e-3,user_defined
l_LUL_A,metre,0.015683252022778944,Alfred_database
l_LUL_V,metre,0.015683252022778944,Alfred_database
l_MPA_A,metre,0.061676929380254604,Alfred_database
l_RBS_A,metre,0.01922398404623766,Alfred_database
l_RBS_V,metre,0.01922398404623766,Alfred_database
l_RLL_A,metre,0.0333139115382208,Alfred_database
l_RLL_V,metre,0.0333139115382208,Alfred_database
l_RML_A,metre,0.029758416522389093,Alfred_database
l_RML_V,metre,0.029758416522389093,Alfred_database
l_RPA_A,metre,0.04081321639558605,Alfred_database
l_RPV_V,metre,40.0e-3,user_defined
l_RUL_A,metre,0.026956698647646004,Alfred_database
l_RUL_V,metre,0.026956698647646004,Alfred_database
l_abdominal_aorta_C114,metre,3.24767e-03,ADAN_86
l_abdominal_aorta_C136,metre,13.9886e-03,ADAN_86
l_abdominal_aorta_C164,metre,4.31913e-03,ADAN_86
l_abdominal_aorta_C176,metre,11.9773e-03,ADAN_86
l_abdominal_aorta_C188,metre,54.0907e-03,ADAN_86
l_abdominal_aorta_C192,metre,42.231e-03,ADAN_86
l_anterior_cerebral_L110,metre,1.05951e-2,ADAN_218
l_anterior_cerebral_L42,metre,0.114668e-2,ADAN_218
l_anterior_cerebral_R238,metre,0.114733e-2,ADAN_218
l_anterior_cerebral_R46,metre,1.05945e-2,ADAN_218
l_anterior_communicating_C44,metre,0.565531e-2,ADAN_218
l_aortic_arch_C2,metre,14.796e-03,ADAN_86
l_aortic_arch_C46,metre,9.60849e-03,ADAN_86
l_aortic_arch_C64,metre,6.97955e-03,ADAN_86
l_aortic_arch_C94,metre,43.2111e-03,ADAN_86
l_ascending_aorta_A,metre,15.3234e-03,ADAN_86
l_ascending_aorta_B,metre,14.796e-03,ADAN_86
l_ascending_aorta_C,metre,14.796e-03,ADAN_86
l_ascending_aorta_D,metre,14.796e-03,ADAN_86
l_basilar_C4,metre,2.26443e-2,ADAN_218
l_brachial_L82,metre,223.119e-03,ADAN_86
l_brachial_R34,metre,223.119e-03,ADAN_86
l_brachiocephalic_trunk_C4,metre,47.3822e-03,ADAN_86
l_common_carotid_L48_A,metre,30.339e-03,ADAN_86
l_common_carotid_L48_B,metre,30.339e-03,ADAN_86
l_common_carotid_L48_C,metre,30.339e-03,ADAN_86
l_common_carotid_L48_D,metre,30.339e-03,ADAN_86
l_common_carotid_R6_A,metre,27.0844e-03,ADAN_86
l_common_carotid_R6_B,metre,27.0844e-03,ADAN_86
l_common_carotid_R6_C,metre,27.0844e-03,ADAN_86
l_common_iliac_L194,metre,74.0524e-03,ADAN_86
l_common_iliac_R216,metre,76.4393e-03,ADAN_86
l_eff,metre,0.02,to_be_identified
l_external_carotid_L62,metre,61.0127e-03,ADAN_86
l_external_carotid_R26,metre,61.0125e-03,ADAN_86
l_external_iliac_L198,metre,102.358e-03,ADAN_86
l_external_iliac_R220,metre,102.358e-03,ADAN_86
l_femoral_L200,metre,31.5982e-03,ADAN_86
l_femoral_R222,metre,31.5982e-03,ADAN_86
l_internal_carotid_L112,metre,0.196966e-2,ADAN_218
l_internal_carotid_L50_A,metre,45.036e-03,ADAN_86
l_internal_carotid_L50_B,metre,45.036e-03,ADAN_86
l_internal_carotid_L50_C,metre,45.036e-03,ADAN_86
l_internal_carotid_R48,metre,0.196955e-2,ADAN_218
l_internal_carotid_R8_A,metre,45.036e-03,ADAN_86
l_internal_carotid_R8_B,metre,45.036e-03,ADAN_86
l_internal_carotid_R8_C,metre,45.036e-03,ADAN_86
l_middle_cerebral_L114,metre,0.182233e-2,ADAN_218
l_middle_cerebral_R52,metre,0.182229e-2,ADAN_218
l_posterior_cerebral_post_L12,metre,1.28091e-2,ADAN_218
l_posterior_cerebral_post_R208,metre,1.28083e-2,ADAN_218
l_posterior_cerebral_pre_L6,metre,0.697753e-2,ADAN_218
l_posterior_cerebral_pre_R204,metre,0.77827e-2,ADAN_218
l_posterior_communicating_L8,metre,1.65974e-2,ADAN_218
l_posterior_communicating_R206,metre,1.6597e-2,ADAN_218
l_subclavian_L66,metre,49.4669e-03,ADAN_86
l_subclavian_L78,metre,41.1396e-03,ADAN_86
l_subclavian_R28,metre,15.7469e-03,ADAN_86
l_subclavian_R30,metre,41.1419e-03,ADAN_86
l_thoracic_aorta_C100,metre,7.88038e-03,ADAN_86
l_thoracic_aorta_C104,metre,15.5561e-03,ADAN_86
l_thoracic_aorta_C108,metre,5.32705e-03,ADAN_86
l_thoracic_aorta_C112,metre,121.566e-03,ADAN_86
l_thoracic_aorta_C96,metre,9.89803e-03,ADAN_86
l_vertebral_L2,metre,20.9765e-2,ADAN_86
l_vertebral_R272,metre,21.0146e-2,ADAN_86
m_tube_LBS_A,dimensionless,0.5,Ebrahimi2021
m_tube_LBS_V,dimensionless,1,user_defined
m_tube_LLL_A,dimensionless,0.5,Ebrahimi2021
m_tube_LLL_V,dimensionless,1,user_defined
m_tube_LM_A,dimensionless,0.5,Ebrahimi2021
m_tube_LM_V,dimensionless,1,user_defined
m_tube_LPA_A,dimensionless,0.5,Ebrahimi2021
m_tube_LPV_V,dimensionless,1,user_defined
m_tube_LUL_A,dimensionless,0.5,Ebrahimi2021
m_tube_LUL_V,dimensionless,1,user_defined
m_tube_MPA_A,dimensionless,0.5,Ebrahimi2021
m_tube_RBS_A,dimensionless,0.5,Ebrahimi2021
m_tube_RBS_V,dimensionless,1,user_defined
m_tube_RLL_A,dimensionless,0.5,Ebrahimi2021
m_tube_RLL_V,dimensionless,1,user_defined
m_tube_RML_A,dimensionless,0.5,Ebrahimi2021
m_tube_RML_V,dimensionless,1,user_defined
m_tube_RPA_A,dimensionless,0.5,Ebrahimi2021
m_tube_RPV_V,dimensionless,1,user_defined
m_tube_RUL_A,dimensionless,0.5,Ebrahimi2021
m_tube_RUL_V,dimensionless,1,user_defined
mu,Js_per_m3,0.004,known
n_tube_LBS_A,dimensionless,0.0,Ebrahimi2021
n_tube_LBS_V,dimensionless,0.0,Ebrahimi2021
n_tube_LLL_A,dimensionless,0.0,Ebrahimi2021
n_tube_LLL_V,dimensionless,0.0,Ebrahimi2021
n_tube_LM_A,dimensionless,0.0,Ebrahimi2021
n_tube_LM_V,dimensionless,0.0,Ebrahimi2021
n_tube_LPA_A,dimensionless,0.0,Ebrahimi2021
n_tube_LPV_V,dimensionless,0.0,Ebrahimi2021
n_tube_LUL_A,dimensionless,0.0,Ebrahimi2021
n_tube_LUL_V,dimensionless,0.0,Ebrahimi2021
n_tube_MPA_A,dimensionless,0.0,Ebrahimi2021
n_tube_RBS_A,dimensionless,0.0,Ebrahimi2021
n_tube_RBS_V,dimensionless,0.0,Ebrahimi2021
n_tube_RLL_A,dimensionless,0.0,Ebrahimi2021
n_tube_RLL_V,dimensionless,0.0,Ebrahimi2021
n_tube_RML_A,dimensionless,0.0,Ebrahimi2021
n_tube_RML_V,dimensionless,0.0,Ebrahimi2021
n_tube_RPA_A,dimensionless,0.0,Ebrahimi2021
n_tube_RPV_V,dimensionless,0.0,Ebrahimi2021
n_tube_RUL_A,dimensionless,0.0,Ebrahimi2021
n_tube_RUL_V,dimensionless,0.0,Ebrahimi2021
phi_0_inlet,dimensionless,0.0,user_defined
phi_1_inlet,dimensionless,-1.95,user_defined
phi_2_inlet,dimensionless,-2.55,user_defined
phi_3_inlet,dimensionless,2.94,user_defined
phi_4_inlet,dimensionless,1.82,user_defined
phi_5_inlet,dimensionless,-1.33,user_defined
phi_6_inlet,dimensionless,-2.42,user_defined
phi_7_inlet,dimensionless,2.98,user_defined
phi_8_inlet,dimensionless,-1.12,user_defined
q_0_anterior_cerebral_L_GE,m3,163.5e-6,Magosso2001_divided_into_brain_compartment
q_0_anterior_cerebral_R_GE,m3,163.5e-6,Magosso2001_divided_into_brain_compartments
q_0_arm_L_GE,m3,5.6e-3,Magosso2001_divided_into_muscle_compartments
q_0_arm_R_GE,m3,5.6e-3,Magosso2001_divided_into_muscle_compartments
q_0_arterial_gas_transport,m3,3.0e-4,user_defined
q_0_external_carotid_L_GE,m3,163.5e-6,Magosso2001_divided_into_brain_compartments
q_0_external_carotid_R_GE,m3,163.5e-6,Magosso2001_divided_into_brain_compartments
q_0_leg_L_GE,m3,10e-3,Magosso2001_divided_into_muscle_compartments
q_0_leg_R_GE,m3,10e-3,Magosso2001_divided_into_muscle_compartments
q_0_middle_cerebral_L_GE,m3,163.5e-6,Ursino2001AnIntegratedModel_divided_into_brain_compartments
q_0_middle_cerebral_R_GE,m3,163.5e-6,Ursino2001AnIntegratedModel_divided_into_brain_compartments
q_0_posterior_cerebral_L_GE,m3,163.5e-6,Magosso2001_divided_into_brain_compartments
q_0_posterior_cerebral_R_GE,m3,163.5e-6,Magosso2001_divided_into_brain_compartments
q_0_pulmonary_GE,m3,2e-3,user_defined
q_0_trunk_C_GE,m3,2.673e-3,Magosso2001_splanchnic
q_0_venous_gas_transport,m3,3.0e-4,user_defined
q_A_us_lung,m3,1.263e-6,Bizotto2022
q_b_us_lung,m3,18.7e-6,YasuhiroFukui1972
q_l_us_lung,m3,34.4e-6,YasuhiroFukui1972
q_la_init,m3,4.0e-6,Korakianitis_2006_Table_1
q_la_us,m3,4.0e-6,Korakianitis_2006_Table_1
q_lv_init,m3,1.5e-3,user_defined
q_lv_us,m3,5.0e-6,Korakianitis_2006_Table_1
q_ra_init,m3,4.0e-6,Korakianitis_2006_Table_1
q_ra_us,m3,4.0e-6,Korakianitis_2006_Table_1
q_rv_init,m3,10.0e-6,Korakianitis_2006_Table_1
q_rv_us,m3,10.0e-6,Korakianitis_2006_Table_1
q_t_us_lung,m3,6.63e-6,YasuhiroFukui1972
q_us_0_pvn,m3,0.0,user_defined
q_us_0_venous_ivc,m3,350e-6,user_defined_TO_BE_FOUND
q_us_0_venous_lb,m3,900e-6,user_defined_TO_BE_FOUND
q_us_0_venous_svc,m3,350e-6,user_defined_TO_BE_FOUND
q_us_0_venous_ub,m3,900e-6,user_defined_TO_BE_FOUND
r_LBS_A,metre,0.00416354693974246,Alfred_database
r_LBS_V,metre,0.005136589005433528,Alfred_database
r_LLL_A,metre,0.004132562117869827,Alfred_database
r_LLL_V,metre,0.005098362873309752,Alfred_database
r_LM_A,metre,1.2127e-03,24_05_2024_identified
r_LM_V,metre,2e-3,user_defined
r_LPA_A,metre,0.006465806806930361,Alfred_database
r_LPV_V,metre,7.3e-3,user_defined
r_LUL_A,metre,0.004168027504747135,Alfred_database
r_LUL_V,metre,0.005142116701237683,Alfred_database
r_MPA_A,metre,0.010090760211050057,Alfred_database
r_RBS_A,metre,0.004175028903487545,Alfred_database
r_RBS_V,metre,0.005150754362425548,Alfred_database
r_RLL_A,metre,0.004169220641915496,Alfred_database
r_RLL_V,metre,0.005143588680622525,Alfred_database
r_RML_A,metre,0.0027116529979138654,Alfred_database
r_RML_V,metre,0.003302490587358802,Alfred_database
r_RPA_A,metre,0.0064648646354597845,Alfred_database
r_RPV_V,metre,7.3e-3,user_defined
r_RUL_A,metre,0.004175807477903783,Alfred_database
r_RUL_V,metre,0.005151714893637429,Alfred_database
r_abdominal_aorta_C114,metre,7.51533e-03,ADAN_86
r_abdominal_aorta_C136,metre,7.42666e-03,ADAN_86
r_abdominal_aorta_C164,metre,7.29199e-03,ADAN_86
r_abdominal_aorta_C176,metre,7.18902e-03,ADAN_86
r_abdominal_aorta_C188,metre,6.79934e-03,ADAN_86
r_abdominal_aorta_C192,metre,6.12422e-03,ADAN_86
r_anterior_cerebral_L110,metre,0.0965045e-2,ADAN_218
r_anterior_cerebral_L42,metre,0.0965045e-2,ADAN_218
r_anterior_cerebral_R238,metre,0.0965045e-2,ADAN_218
r_anterior_cerebral_R46,metre,0.0965045e-2,ADAN_218
r_anterior_communicating_C44,metre,0.0656645e-2,ADAN_218
r_ao,metre,0.014,to_be_set
r_aortic_arch_C2,metre,13.3364e-03,ADAN_86
r_aortic_arch_C46,metre,12.76710e-03,ADAN_86
r_aortic_arch_C64,metre,12.42880e-03,ADAN_86
r_aortic_arch_C94,metre,11.7401e-03,ADAN_86
r_ascending_aorta_A,metre,15.642e-03,ADAN_86
r_ascending_aorta_B,metre,15.08e-03,ADAN_86
r_ascending_aorta_C,metre,14.5305e-03,ADAN_86
r_ascending_aorta_D,metre,13.914e-03,ADAN_86
r_basilar_C4,metre,0.172394e-2,ADAN_218
r_brachial_L82,metre,1.96732e-03,ADAN_86
r_brachial_R34,metre,1.96732e-03,ADAN_86
r_brachiocephalic_trunk_C4,metre,6.41887e-03,ADAN_86
r_common_carotid_L48_A,metre,4.36635e-03,ADAN_86
r_common_carotid_L48_B,metre,4.12756e-03,ADAN_86
r_common_carotid_L48_C,metre,3.92047e-03,ADAN_86
r_common_carotid_L48_D,metre,3.57978e-03,ADAN_86
r_common_carotid_R6_A,metre,4.43053e-03,ADAN_86
r_common_carotid_R6_B,metre,4.137e-03,ADAN_86
r_common_carotid_R6_C,metre,3.64938e-03,ADAN_86
r_common_iliac_L194,metre,4.28142e-03,ADAN_86
r_common_iliac_R216,metre,4.30633e-03,ADAN_86
r_external_carotid_L62,metre,2.26547e-03,ADAN_86
r_external_carotid_R26,metre,2.26547e-03,ADAN_86
r_external_iliac_L198,metre,3.28821e-03,ADAN_86
r_external_iliac_R220,metre,3.28821e-03,ADAN_86
r_femoral_L200,metre,3.17347e-03,ADAN_86
r_femoral_R222,metre,3.17347e-03,ADAN_86
r_internal_carotid_L112,metre,0.132843e-2,ADAN_218
r_internal_carotid_L50_A,metre,2.53763e-03,ADAN_86
r_internal_carotid_L50_B,metre,2.04793e-03,ADAN_86
r_internal_carotid_L50_C,metre,1.56726e-03,ADAN_86
r_internal_carotid_R48,metre,0.132843e-2,ADAN_218
r_internal_carotid_R8_A,metre,2.53763e-03,ADAN_86
r_internal_carotid_R8_B,metre,2.04793e-03,ADAN_86
r_internal_carotid_R8_C,metre,1.56726e-03,ADAN_86
r_lvot,metre,0.01,to_be_set
r_middle_cerebral_L114,metre,0.104132e-2,ADAN_218
r_middle_cerebral_R52,metre,0.104132e-2,ADAN_218
r_posterior_cerebral_post_L12,metre,0.0869072e-2,ADAN_218
r_posterior_cerebral_post_R208,metre,0.0869072e-2,ADAN_218
r_posterior_cerebral_pre_L6,metre,0.0816459e-2,ADAN_218
r_posterior_cerebral_pre_R204,metre,0.0816459e-2,ADAN_218
r_posterior_communicating_L8,metre,0.0494463e-2,ADAN_218
r_posterior_communicating_R206,metre,0.0494463e-2,ADAN_218
r_subclavian_L66,metre,3.99235e-03,ADAN_86
r_subclavian_L78,metre,2.90824e-03,ADAN_86
r_subclavian_R28,metre,4.52027e-03,ADAN_86
r_subclavian_R30,metre,3.32268e-03,ADAN_86
r_thoracic_aorta_C100,metre,10.2897e-03,ADAN_86
r_thoracic_aorta_C104,metre,10.0681e-03,ADAN_86
r_thoracic_aorta_C108,metre,9.87279e-03,ADAN_86
r_thoracic_aorta_C112,metre,8.47543e-03,ADAN_86
r_thoracic_aorta_C96,metre,10.4579e-03,ADAN_86
r_us_LBS_A,metre,0.003963568898633835,Alfred_database
r_us_LBS_V,metre,0.0048898750821827755,Alfred_database
r_us_LLL_A,metre,0.003963568898633835,Alfred_database
r_us_LLL_V,metre,0.0048898750821827755,Alfred_database
r_us_LM_A,metre,2e-3,user_defined
r_us_LM_V,metre,2e-3,user_defined
r_us_LPA_A,metre,0.006103896103896104,Alfred_database
r_us_LPV_V,metre,7.3e-3,user_defined
r_us_LUL_A,metre,0.003963568898633835,Alfred_database
r_us_LUL_V,metre,0.0048898750821827755,Alfred_database
r_us_MPA_A,metre,0.0094,Alfred_database
r_us_RBS_A,metre,0.003963568898633835,Alfred_database
r_us_RBS_V,metre,0.0048898750821827755,Alfred_database
r_us_RLL_A,metre,0.003963568898633835,Alfred_database
r_us_RLL_V,metre,0.0048898750821827755,Alfred_database
r_us_RML_A,metre,0.002573746038073918,Alfred_database
r_us_RML_V,metre,0.0031345353090915223,Alfred_database
r_us_RPA_A,metre,0.006103896103896104,Alfred_database
r_us_RPV_V,metre,7.3e-3,user_defined
r_us_RUL_A,metre,0.003963568898633835,Alfred_database
r_us_RUL_V,metre,0.0048898750821827755,Alfred_database
r_vertebral_L2,metre,0.133527e-2,ADAN_86
r_vertebral_R272,metre,0.133527e-2,ADAN_86
rho,Js2_per_m5,1050,Known
shunt_fraction_pulmonary_GE,dimensionless,0.017,GuytonAndHall2006
t_astart,second,0.5111111111,Alfred_database
t_vstart,second,0.0,Liang_2009_Table_2
tau_CO2,second,20,Magosso2001AndUrsino2000
tau_CO2_cc_dyn_arterial_chemoreceptor,second,600,Magosso2001AndUrsino2000
tau_O2,second,10,Magosso2001AndUrsino2000
tau_Ts_heart_period_effector,second,2,Magosso2001AndUrsino2000
tau_Tv_heart_period_effector,second,1.5,Magosso2001AndUrsino2000
tau_cap_arterial_chemoreceptor,second,3.5,Magosso2001AndUrsino2000
tau_pb_common_carotid_L_baro,second,2.076,Magosso2001AndUrsino2000
tau_theta_arm_leg_resistance_effector,second,6,Magosso2001AndUrsino2000
tau_theta_lv_elastance_effector,second,8,Magosso2001AndUrsino2000
tau_theta_rv_elastance_effector,second,8,Magosso2001AndUrsino2000
tau_theta_trunk_resistance_effector,second,6,Magosso2001AndUrsino2000
tau_theta_venous_compliance_effector,second,20,Magosso2001AndUrsino2000
tau_zb_common_carotid_L_baro,second,6.37,Magosso2001AndUrsino2000
theta_LBS_A,dimensionless,0,user_defined
theta_LBS_V,dimensionless,0,user_defined
theta_LLL_A,dimensionless,0,user_defined
theta_LLL_V,dimensionless,0,user_defined
theta_LM_A,dimensionless,0,user_defined
theta_LM_V,dimensionless,0,user_defined
theta_LPA_A,dimensionless,0,user_defined
theta_LPV_V,dimensionless,0,user_defined
theta_LUL_A,dimensionless,0,user_defined
theta_LUL_V,dimensionless,0,user_defined
theta_MPA_A,dimensionless,0,user_defined
theta_RBS_A,dimensionless,0,user_defined
theta_RBS_V,dimensionless,0,user_defined
theta_RLL_A,dimensionless,0,user_defined
theta_RLL_V,dimensionless,0,user_defined
theta_RML_A,dimensionless,0,user_defined
theta_RML_V,dimensionless,0,user_defined
theta_RPA_A,dimensionless,0,user_defined
theta_RPV_V,dimensionless,0,user_defined
theta_RUL_A,dimensionless,0,user_defined
theta_RUL_V,dimensionless,0,user_defined
theta_abdominal_aorta_C114,dimensionless,180,defined_by_user
theta_abdominal_aorta_C136,dimensionless,180,defined_by_user
theta_abdominal_aorta_C164,dimensionless,180,defined_by_user
theta_abdominal_aorta_C176,dimensionless,180,defined_by_user
theta_abdominal_aorta_C188,dimensionless,180,defined_by_user
theta_abdominal_aorta_C192,dimensionless,180,defined_by_user
theta_anterior_cerebral_L110,dimensionless,90,defined_by_user
theta_anterior_cerebral_L42,dimensionless,90,defined_by_user
theta_anterior_cerebral_R238,dimensionless,90,defined_by_user
theta_anterior_cerebral_R46,dimensionless,90,defined_by_user
theta_anterior_communicating_C44,dimensionless,90,defined_by_user
theta_aortic_arch_C2,dimensionless,90,defined_by_user
theta_aortic_arch_C46,dimensionless,90,defined_by_user
theta_aortic_arch_C64,dimensionless,90,defined_by_user
theta_aortic_arch_C94,dimensionless,90,defined_by_user
theta_ascending_aorta_A,dimensionless,0,defined_by_user
theta_ascending_aorta_B,dimensionless,0,defined_by_user
theta_ascending_aorta_C,dimensionless,0,defined_by_user
theta_ascending_aorta_D,dimensionless,0,defined_by_user
theta_basilar_C4,dimensionless,90,defined_by_user
theta_brachial_L82,dimensionless,180,defined_by_user
theta_brachial_R34,dimensionless,180,defined_by_user
theta_brachiocephalic_trunk_C4,dimensionless,0,defined_by_user
theta_common_carotid_L48_A,dimensionless,0,defined_by_user
theta_common_carotid_L48_B,dimensionless,0,defined_by_user
theta_common_carotid_L48_C,dimensionless,0,defined_by_user
theta_common_carotid_L48_D,dimensionless,0,defined_by_user
theta_common_carotid_R6_A,dimensionless,0,defined_by_user
theta_common_carotid_R6_B,dimensionless,0,defined_by_user
theta_common_carotid_R6_C,dimensionless,0,defined_by_user
theta_common_iliac_L194,dimensionless,180,defined_by_user
theta_common_iliac_R216,dimensionless,180,defined_by_user
theta_external_carotid_L62,dimensionless,0,defined_by_user
theta_external_carotid_R26,dimensionless,0,defined_by_user
theta_external_iliac_L198,dimensionless,180,defined_by_user
theta_external_iliac_R220,dimensionless,180,defined_by_user
theta_femoral_L200,dimensionless,180,defined_by_user
theta_femoral_R222,dimensionless,180,defined_by_user
theta_internal_carotid_L112,dimensionless,90,defined_by_user
theta_internal_carotid_L50_A,dimensionless,0,defined_by_user
theta_internal_carotid_L50_B,dimensionless,0,defined_by_user
theta_internal_carotid_L50_C,dimensionless,0,defined_by_user
theta_internal_carotid_R48,dimensionless,90,defined_by_user
theta_internal_carotid_R8_A,dimensionless,0,defined_by_user
theta_internal_carotid_R8_B,dimensionless,0,defined_by_user
theta_internal_carotid_R8_C,dimensionless,0,defined_by_user
theta_middle_cerebral_L114,dimensionless,90,defined_by_user
theta_middle_cerebral_R52,dimensionless,90,defined_by_user
theta_posterior_cerebral_post_L12,dimensionless,90,defined_by_user
theta_posterior_cerebral_post_R208,dimensionless,90,defined_by_user
theta_posterior_cerebral_pre_L6,dimensionless,90,defined_by_user
theta_posterior_cerebral_pre_R204,dimensionless,90,defined_by_user
theta_posterior_communicating_L8,dimensionless,90,defined_by_user
theta_posterior_communicating_R206,dimensionless,90,defined_by_user
theta_subclavian_L66,dimensionless,90,defined_by_user
theta_subclavian_L78,dimensionless,90,defined_by_user
theta_subclavian_R28,dimensionless,90,defined_by_user
theta_subclavian_R30,dimensionless,90,defined_by_user
theta_thoracic_aorta_C100,dimensionless,180,defined_by_user
theta_thoracic_aorta_C104,dimensionless,180,defined_by_user
theta_thoracic_aorta_C108,dimensionless,180,defined_by_user
theta_thoracic_aorta_C112,dimensionless,180,defined_by_user
theta_thoracic_aorta_C96,dimensionless,180,defined_by_user
theta_v,per_s,-0.68,Magosso2001AndUrsino2000
theta_vertebral_L2,dimensionless,0,defined_by_user
theta_vertebral_R272,dimensionless,0,defined_by_user
u_ext_LBS_A,J_per_m3,0.0,ABI_lung_group
u_ext_LBS_V,J_per_m3,0.0,ABI_lung_group
u_ext_LLL,J_per_m3,-490.35,ABI_lung_group
u_ext_LLL_A,J_per_m3,0.0,ABI_lung_group
u_ext_LLL_V,J_per_m3,0.0,ABI_lung_group
u_ext_LM_A,J_per_m3,0.0,ABI_lung_group
u_ext_LM_V,J_per_m3,0.0,ABI_lung_group
u_ext_LPA_A,J_per_m3,0.0,ABI_lung_group
u_ext_LPV_V,J_per_m3,0.0,ABI_lung_group
u_ext_LUL,J_per_m3,-490.35,ABI_lung_group
u_ext_LUL_A,J_per_m3,0.0,ABI_lung_group
u_ext_LUL_V,J_per_m3,0.0,ABI_lung_group
u_ext_L_connector_A,J_per_m3,0.0,ABI_lung_group
u_ext_L_connector_V,J_per_m3,0.0,ABI_lung_group
u_ext_MPA_A,J_per_m3,0.0,ABI_lung_group
u_ext_PV_heart_connector,J_per_m3,0.0,small_chosen
u_ext_RBS_A,J_per_m3,0.0,ABI_lung_group
u_ext_RBS_V,J_per_m3,0.0,ABI_lung_group
u_ext_RLL,J_per_m3,-490.35,ABI_lung_group
u_ext_RLL_A,J_per_m3,0.0,ABI_lung_group
u_ext_RLL_V,J_per_m3,0.0,ABI_lung_group
u_ext_RML,J_per_m3,-490.35,ABI_lung_group
u_ext_RML_A,J_per_m3,0.0,ABI_lung_group
u_ext_RML_V,J_per_m3,0.0,ABI_lung_group
u_ext_RPA_A,J_per_m3,0.0,ABI_lung_group
u_ext_RPV_V,J_per_m3,0.0,ABI_lung_group
u_ext_RUL,J_per_m3,-490.35,ABI_lung_group
u_ext_RUL_A,J_per_m3,0.0,ABI_lung_group
u_ext_RUL_V,J_per_m3,0.0,ABI_lung_group
u_ext_abdominal_aorta_C114,J_per_m3,0.0,user_defined
u_ext_abdominal_aorta_C136,J_per_m3,0.0,user_defined
u_ext_abdominal_aorta_C164,J_per_m3,0.0,user_defined
u_ext_abdominal_aorta_C176,J_per_m3,0.0,user_defined
u_ext_abdominal_aorta_C188,J_per_m3,0.0,user_defined
u_ext_abdominal_aorta_C192,J_per_m3,0.0,user_defined
u_ext_anterior_cerebral_L110,J_per_m3,0.0,user_defined
u_ext_anterior_cerebral_L42,J_per_m3,0.0,user_defined
u_ext_anterior_cerebral_L_T,J_per_m3,0.0,user_defined
u_ext_anterior_cerebral_R238,J_per_m3,0.0,user_defined
u_ext_anterior_cerebral_R46,J_per_m3,0.0,user_defined
u_ext_anterior_cerebral_R_T,J_per_m3,0.0,user_defined
u_ext_anterior_communicating_C44,J_per_m3,0.0,user_defined
u_ext_aortic_arch_C2,J_per_m3,0.0,user_defined
u_ext_aortic_arch_C46,J_per_m3,0.0,user_defined
u_ext_aortic_arch_C64,J_per_m3,0.0,user_defined
u_ext_aortic_arch_C94,J_per_m3,0.0,user_defined
u_ext_arm_L_T,J_per_m3,0.0,user_defined
u_ext_arm_R_T,J_per_m3,0.0,user_defined
u_ext_ascending_aorta_A,J_per_m3,0.0,user_defined
u_ext_ascending_aorta_B,J_per_m3,0.0,user_defined
u_ext_ascending_aorta_C,J_per_m3,0.0,user_defined
u_ext_ascending_aorta_D,J_per_m3,0.0,user_defined
u_ext_basilar_C4,J_per_m3,0.0,user_defined
u_ext_brachial_L82,J_per_m3,0.0,user_defined
u_ext_brachial_R34,J_per_m3,0.0,user_defined
u_ext_brachiocephalic_trunk_C4,J_per_m3,0.0,user_defined
u_ext_common_carotid_L48_A,J_per_m3,0.0,user_defined
u_ext_common_carotid_L48_B,J_per_m3,0.0,user_defined
u_ext_common_carotid_L48_C,J_per_m3,0.0,user_defined
u_ext_common_carotid_L48_D,J_per_m3,0.0,user_defined
u_ext_common_carotid_R6_A,J_per_m3,0.0,user_defined
u_ext_common_carotid_R6_B,J_per_m3,0.0,user_defined
u_ext_common_carotid_R6_C,J_per_m3,0.0,user_defined
u_ext_common_iliac_L194,J_per_m3,0.0,user_defined
u_ext_common_iliac_R216,J_per_m3,0.0,user_defined
u_ext_external_carotid_L62,J_per_m3,0.0,user_defined
u_ext_external_carotid_L_T,J_per_m3,0.0,user_defined
u_ext_external_carotid_R26,J_per_m3,0.0,user_defined
u_ext_external_carotid_R_T,J_per_m3,0.0,user_defined
u_ext_external_iliac_L198,J_per_m3,0.0,user_defined
u_ext_external_iliac_R220,J_per_m3,0.0,user_defined
u_ext_femoral_L200,J_per_m3,0.0,user_defined
u_ext_femoral_R222,J_per_m3,0.0,user_defined
u_ext_inlet_connector,J_per_m3,0.0,ABI_lung_group
u_ext_internal_carotid_L112,J_per_m3,0.0,user_defined
u_ext_internal_carotid_L50_A,J_per_m3,0.0,user_defined
u_ext_internal_carotid_L50_B,J_per_m3,0.0,user_defined
u_ext_internal_carotid_L50_C,J_per_m3,0.0,user_defined
u_ext_internal_carotid_R48,J_per_m3,0.0,user_defined
u_ext_internal_carotid_R8_A,J_per_m3,0.0,user_defined
u_ext_internal_carotid_R8_B,J_per_m3,0.0,user_defined
u_ext_internal_carotid_R8_C,J_per_m3,0.0,user_defined
u_ext_leg_L_T,J_per_m3,0.0,user_defined
u_ext_leg_R_T,J_per_m3,0.0,user_defined
u_ext_middle_cerebral_L114,J_per_m3,0.0,user_defined
u_ext_middle_cerebral_L_T,J_per_m3,0.0,user_defined
u_ext_middle_cerebral_R52,J_per_m3,0.0,user_defined
u_ext_middle_cerebral_R_T,J_per_m3,0.0,user_defined
u_ext_par,J_per_m3,0.0,user_defined
u_ext_pcap,J_per_m3,0.0,user_defined
u_ext_posterior_cerebral_L_T,J_per_m3,0.0,user_defined
u_ext_posterior_cerebral_R_T,J_per_m3,0.0,user_defined
u_ext_posterior_cerebral_post_L12,J_per_m3,0.0,user_defined
u_ext_posterior_cerebral_post_R208,J_per_m3,0.0,user_defined
u_ext_posterior_cerebral_pre_L6,J_per_m3,0.0,user_defined
u_ext_posterior_cerebral_pre_R204,J_per_m3,0.0,user_defined
u_ext_posterior_communicating_L8,J_per_m3,0.0,user_defined
u_ext_posterior_communicating_R206,J_per_m3,0.0,user_defined
u_ext_pvn,J_per_m3,0.0,user_defined
u_ext_subclavian_L66,J_per_m3,0.0,user_defined
u_ext_subclavian_L78,J_per_m3,0.0,user_defined
u_ext_subclavian_R28,J_per_m3,0.0,user_defined
u_ext_subclavian_R30,J_per_m3,0.0,user_defined
u_ext_thoracic_aorta_C100,J_per_m3,0.0,user_defined
u_ext_thoracic_aorta_C104,J_per_m3,0.0,user_defined
u_ext_thoracic_aorta_C108,J_per_m3,0.0,user_defined
u_ext_thoracic_aorta_C112,J_per_m3,0.0,user_defined
u_ext_thoracic_aorta_C96,J_per_m3,0.0,user_defined
u_ext_trunk_C_T,J_per_m3,0.0,user_defined
u_ext_venous_ivc,J_per_m3,0.0,user_defined
u_ext_venous_lb,J_per_m3,0.0,user_defined
u_ext_venous_svc,J_per_m3,0.0,user_defined
u_ext_venous_ub,J_per_m3,0.0,user_defined
u_ext_vertebral_L2,J_per_m3,0.0,user_defined
u_ext_vertebral_R272,J_per_m3,0.0,user_defined
u_out_LPV_V,J_per_m3,1600,to_be_set
u_out_RPV_V,J_per_m3,1600,to_be_set
